name,imageUrl,positionName,id,parentId
Ian Devling,https://drive.google.com/file/d/1XQHOCzmxqWImb1-xAgz74xgPDyWSfkWg/view?usp=sharing,Chief Executive Officer,O-6066,
Davolio Nancy,https://drive.google.com/file/d/1XQHOCzmxqWImb1-xAgz74xgPDyWSfkWg/view?usp=sharing,CTO,O-6067,O-6066
Leverling Janet,https://drive.google.com/file/d/1XQHOCzmxqWImb1-xAgz74xgPDyWSfkWg/view?usp=sharing,CTO,O-6068,O-6066
Leverling Janet,https://drive.google.com/file/d/1XQHOCzmxqWImb1-xAgz74xgPDyWSfkWg/view?usp=sharing,CTO,O-6069,O-6066
Leverling Janet,https://drive.google.com/file/d/1XQHOCzmxqWImb1-xAgz74xgPDyWSfkWg/view?usp=sharing,CTO,O-6070,O-6066
Leverling Janet,https://drive.google.com/file/d/1XQHOCzmxqWImb1-xAgz74xgPDyWSfkWg/view?usp=sharing,CTO,O-6071,O-6067
Fuller Andrew,https://drive.google.com/file/d/1XQHOCzmxqWImb1-xAgz74xgPDyWSfkWg/view?usp=sharing,Linear Manager,O-6072,O-6067
Peacock Margaret,https://drive.google.com/file/d/1XQHOCzmxqWImb1-xAgz74xgPDyWSfkWg/view?usp=sharing,CEO,O-6073,O-6067
Buchanan Steven,https://drive.google.com/file/d/1XQHOCzmxqWImb1-xAgz74xgPDyWSfkWg/view?usp=sharing,Head of direction,O-6074,O-6067
Suyama Michael,https://drive.google.com/file/d/1XQHOCzmxqWImb1-xAgz74xgPDyWSfkWg/view?usp=sharing,Senior sales manager,O-6075,O-6067
King Robert,https://drive.google.com/file/d/1XQHOCzmxqWImb1-xAgz74xgPDyWSfkWg/view?usp=sharing,Senior Sales Manager,O-6076,O-6067
West Adam,https://drive.google.com/file/d/1XQHOCzmxqWImb1-xAgz74xgPDyWSfkWg/view?usp=sharing,CTO,O-6077,O-6067
Charlotte Cooper,https://drive.google.com/file/d/1XQHOCzmxqWImb1-xAgz74xgPDyWSfkWg/view?usp=sharing,Senior Trader,O-6078,O-6067
Yoshi Nagase,https://drive.google.com/file/d/1XQHOCzmxqWImb1-xAgz74xgPDyWSfkWg/view?usp=sharing,Head of laboratory,O-6079,O-6067
Peter Wilson,https://drive.google.com/file/d/1XQHOCzmxqWImb1-xAgz74xgPDyWSfkWg/view?usp=sharing,Head of channels,O-6080,O-6068
Carlos Diaz,https://drive.google.com/file/d/1XQHOCzmxqWImb1-xAgz74xgPDyWSfkWg/view?usp=sharing,Senior Android Developer,O-6081,O-6068
Sven Petersen,https://drive.google.com/file/d/1XQHOCzmxqWImb1-xAgz74xgPDyWSfkWg/view?usp=sharing,Senior Developer,O-6082,O-6068
Peter Wilson,https://drive.google.com/file/d/1XQHOCzmxqWImb1-xAgz74xgPDyWSfkWg/view?usp=sharing,Head of channels,O-6083,O-6069